,Unnamed: 0,Clean,Tanggal,keywords,cluster
0,0,"['abu_janda', 'partai_demokrat', 'natalius_pigai', 'abu', 'janda', 'bareskrim_polri', 'china', 'madi_arya', 'demokrat', 'polri']",2-11,abu_janda partai_demokrat natalius_pigai abu janda bareskrim_polri china madi_arya demokrat polri,6
1,1,"['korban', 'sepeda_motor', 'motor', 'curi', 'sepeda', 'tangkap', 'alami_luka', 'sangka', 'polisi', 'aman']",2-11,korban sepeda_motor motor curi sepeda tangkap alami_luka sangka polisi aman,4
2,2,"['ungsi', 'ustaz_maaher', 'calon_tumpang', 'genose', 'kereta_api', 'maaher', 'stasiun', 'ungsi_barak', 'solo', 'ustaz']",2-11,ungsi ustaz_maaher calon_tumpang genose kereta_api maaher stasiun ungsi_barak solo ustaz,6
3,3,"['pandemi_covid', 'pajak', 'janji', 'berangkat', 'dewasa', 'distribusi', 'organisasi', 'selenggara', 'tanam', 'juta']",2-11,pandemi_covid pajak janji berangkat dewasa distribusi organisasi selenggara tanam juta,6
4,4,"['bantul', 'tenaga_sehat', 'rumah_sakit', 'protokol_sehat', 'kota_yogyakarta', 'isolasi_mandiri', 'tangan_covid', 'kulonprogo', 'konfirmasi_positif', 'pasien_covid']",2-11,bantul tenaga_sehat rumah_sakit protokol_sehat kota_yogyakarta isolasi_mandiri tangan_covid kulonprogo konfirmasi_positif pasien_covid,2
5,5,"['gunung_rapi', 'awan_panas', 'lava_pijar', 'rapi', 'kubah_lava', 'gugur_lava', 'jarak_luncur', 'lava', 'aktivitas_gunung', 'gunung']",2-11,gunung_rapi awan_panas lava_pijar rapi kubah_lava gugur_lava jarak_luncur lava aktivitas_gunung gunung,1
6,6,"['hujan_deras', 'pohon', 'umat', 'obat', 'bangsa', 'muhammadiyah', 'rumah_sakit', 'konsumsi', 'kendara', 'balap']",2-11,hujan_deras pohon umat obat bangsa muhammadiyah rumah_sakit konsumsi kendara balap,6
7,7,"['banjir', 'tinggi', 'genang', 'air', 'hujan', 'semarang', 'guyur', 'hujan_deras', 'titik', 'curah_hujan']",2-25,banjir tinggi genang air hujan semarang guyur hujan_deras titik curah_hujan,6
8,8,"['jarak_luncur', 'amplitudo_mm', 'kereta_api', 'awan_panas', 'lava_pijar', 'gunung_rapi', 'gugur_lava', 'barat_daya', 'kereta', 'lava']",2-25,jarak_luncur amplitudo_mm kereta_api awan_panas lava_pijar gunung_rapi gugur_lava barat_daya kereta lava,1
9,9,"['duga_korupsi', 'bangun_stadion', 'mandala_krida', 'krida', 'stadion', 'mandala', 'geledah', 'kpk', 'korupsi', 'sidi']",2-25,duga_korupsi bangun_stadion mandala_krida krida stadion mandala geledah kpk korupsi sidi,6
10,10,"['korban', 'barang_bukti', 'polda_diy', 'polisi', 'laku', 'lari', 'pria', 'buah', 'polres', 'tangkap']",2-25,korban barang_bukti polda_diy polisi laku lari pria buah polres tangkap,6
11,11,"['bantul', 'tangan_covid', 'narkoba', 'anggota_polri', 'polri', 'usul', 'diy', 'ppkm_mikro', 'dagang', 'lantik']",2-25,bantul tangan_covid narkoba anggota_polri polri usul diy ppkm_mikro dagang lantik,6
12,12,"['partai_demokrat', 'partai', 'demokrat', 'klb', 'dpc', 'ahy', 'kongres', 'serdang', 'kongres_klb', 'art']",3-11,partai_demokrat partai demokrat klb dpc ahy kongres serdang kongres_klb art,6
13,13,"['laku_usaha', 'wisatawan', 'pariwisata', 'negatif', 'antigen', 'vaksin_covid', 'dinas_sehat', 'kepala_dinas', 'protokol_sehat', 'rapid']",3-11,laku_usaha wisatawan pariwisata negatif antigen vaksin_covid dinas_sehat kepala_dinas protokol_sehat rapid,6
14,14,"['jawa_timur', 'wartawan', 'pandemi_covid', 'urus', 'sendiri', 'ketua', 'kasih', 'cabang', 'edukasi', 'kabupaten_kota']",3-11,jawa_timur wartawan pandemi_covid urus sendiri ketua kasih cabang edukasi kabupaten_kota,6
15,15,"['korban', 'kota_yogyakarta', 'awan_panas', 'kulonprogo', 'vaksinasi', 'bantul', 'gunungkidul', 'temu', 'rumah_sakit', 'vaksinasi_covid']",3-11,korban kota_yogyakarta awan_panas kulonprogo vaksinasi bantul gunungkidul temu rumah_sakit vaksinasi_covid,2
16,16,"['india', 'as', 'drone', 'amerika_serikat', 'tahan', 'dolar', 'china', 'miliar', 'tuju', 'hubung']",3-11,india as drone amerika_serikat tahan dolar china miliar tuju hubung,6
17,17,"['warga_negara', 'sekat', 'awan_panas', 'mudik', 'larang_mudik', 'jawa_barat', 'lebaran', 'titik', 'selenggara', 'dokumen']",5-6,warga_negara sekat awan_panas mudik larang_mudik jawa_barat lebaran titik selenggara dokumen,6
18,18,"['polres_kulonprogo', 'idul_fitri', 'satu_tugas', 'jamaah', 'hotel', 'lapang', 'praktik', 'uang', 'pura', 'tangan_covid']",5-6,polres_kulonprogo idul_fitri satu_tugas jamaah hotel lapang praktik uang pura tangan_covid,6
19,19,"['sepeda_motor', 'kabupaten_sleman', 'sepeda', 'korban', 'isolasi_mandiri', 'motor', 'gunungkidul', 'new_delhi', 'kabupaten_gunungkidul', 'india']",5-6,sepeda_motor kabupaten_sleman sepeda korban isolasi_mandiri motor gunungkidul new_delhi kabupaten_gunungkidul india,4
20,20,"['polda_diy', 'polres_bantul', 'sate_racun', 'sate', 'racun', 'naba_faiz', 'aipda_fi', 'polsek_kalas', 'nan_aprilliani', 'mabes_polri']",5-6,polda_diy polres_bantul sate_racun sate racun naba_faiz aipda_fi polsek_kalas nan_aprilliani mabes_polri,6
21,21,"['buka_puasa', 'ramadan_hijriah', 'salat', 'puasa', 'wib', 'ramadan', 'subuh_wib', 'terap_protokol', 'ibadah', 'islam_menteri']",5-6,buka_puasa ramadan_hijriah salat puasa wib ramadan subuh_wib terap_protokol ibadah islam_menteri,6
22,22,"['mobil', 'celaka', 'bayar', 'kulonprogo', 'bangun', 'jadi', 'nopol', 'kemudi', 'udara', 'janji']",5-20,mobil celaka bayar kulonprogo bangun jadi nopol kemudi udara janji,6
23,23,"['amplitudo_mm', 'gunung_rapi', 'jarak_luncur', 'arah_barat', 'gugur', 'gunung', 'panas', 'luncur', 'rapi', 'kali']",5-20,amplitudo_mm gunung_rapi jarak_luncur arah_barat gugur gunung panas luncur rapi kali,1
24,24,"['anak', 'bunuh', 'islam', 'terima', 'polisi', 'sang', 'korban', 'beda', 'tewas', 'sangka']",5-20,anak bunuh islam terima polisi sang korban beda tewas sangka,6
25,25,"['mobil', 'lahir', 'kkb', 'normal', 'edar', 'bersih', 'kelompok', 'bakar', 'arah', 'minum']",5-20,mobil lahir kkb normal edar bersih kelompok bakar arah minum,6
26,26,"['sepeda_motor', 'motor', 'parkir', 'curi', 'laku', 'korban', 'sepeda', 'kulonprogo', 'polres', 'iptu']",5-20,sepeda_motor motor parkir curi laku korban sepeda kulonprogo polres iptu,4
27,27,"['pos_sekat', 'kendara_putar', 'kendara', 'tumpang', 'sekat', 'putar', 'china', 'mudik', 'pos', 'nilai']",5-20,pos_sekat kendara_putar kendara tumpang sekat putar china mudik pos nilai,6
28,28,"['sangka', 'pasal', 'laki', 'darah', 'tangkap', 'saksi', 'tumpang', 'tetap', 'ancam', 'temu']",5-20,sangka pasal laki darah tangkap saksi tumpang tetap ancam temu,6
29,29,"['israel', 'palestina', 'serang', 'gaza', 'roket', 'pcr', 'gunungkidul', 'tes_pcr', 'jalur', 'tes']",5-20,israel palestina serang gaza roket pcr gunungkidul tes_pcr jalur tes,6
30,30,"['pasar', 'beli', 'hotel', 'papua', 'negara', 'berangkat', 'bina', 'barat', 'nyata', 'vaksinasi']",5-20,pasar beli hotel papua negara berangkat bina barat nyata vaksinasi,6
31,31,"['video', 'pidana', 'suami', 'jenis', 'terima', 'marah', 'korban', 'olah', 'laki', 'bagi']",5-20,video pidana suami jenis terima marah korban olah laki bagi,6
32,32,"['mati', 'papua', 'posko', 'jenazah', 'layan', 'kali', 'pariwisata', 'ketua_dprd', 'dprd', 'gunungkidul']",5-20,mati papua posko jenazah layan kali pariwisata ketua_dprd dprd gunungkidul,6
33,33,"['hotel', 'pemda_diy', 'pimpin', 'wakil', 'ketua', 'muhammadiyah', 'sepeda_motor', 'dprd', 'pemda', 'sikap']",5-20,hotel pemda_diy pimpin wakil ketua muhammadiyah sepeda_motor dprd pemda sikap,6
34,34,"['kabupaten_bantul', 'bantul', 'kabupaten_sleman', 'positif_covid', 'objek_wisata', 'tambah', 'tangan_covid', 'wisata', 'positif', 'rumah_sakit']",5-20,kabupaten_bantul bantul kabupaten_sleman positif_covid objek_wisata tambah tangan_covid wisata positif rumah_sakit,3
35,35,"['selenggara', 'celaka', 'pegawai', 'luka', 'akibat', 'kkb', 'rusak', 'jadi', 'alami', 'panggil']",5-20,selenggara celaka pegawai luka akibat kkb rusak jadi alami panggil,6
36,36,"['idul_fitri', 'fitri', 'idul', 'raya', 'gunungkidul', 'gelar', 'libat', 'sulit', 'juta', 'penjara']",5-20,idul_fitri fitri idul raya gunungkidul gelar libat sulit juta penjara,6
37,37,"['larang_mudik', 'protokol_sehat', 'buka_puasa', 'terap_protokol', 'salat_idul', 'mudik', 'kerja', 'laksana', 'zona_merah', 'sebar_covid']",5-20,larang_mudik protokol_sehat buka_puasa terap_protokol salat_idul mudik kerja laksana zona_merah sebar_covid,6
38,38,"['barat_daya', 'awan_panas', 'gempa', 'tanam', 'gunung_rapi', 'jarak_luncur', 'buah', 'kerap', 'bumi', 'kali_gempa']",8-12,barat_daya awan_panas gempa tanam gunung_rapi jarak_luncur buah kerap bumi kali_gempa,1
39,39,"['klaten', 'remaja', 'mlati_sleman', 'laki', 'bayar', 'surat', 'tujuh', 'urus', 'ekor', 'laki_laki']",8-12,klaten remaja mlati_sleman laki bayar surat tujuh urus ekor laki_laki,6
40,40,"['mobil', 'tumpang', 'korban', 'mlati', 'laku', 'semarang', 'hukum', 'mlati_sleman', 'bantul', 'sepeda_motor']",8-12,mobil tumpang korban mlati laku semarang hukum mlati_sleman bantul sepeda_motor,6
41,41,"['tracing_kontak', 'kontak', 'screening_karyawan', 'tambah_total', 'dominasi', 'biro', 'diy_ditya', 'ditya', 'nanaryo_aji', 'nanaryo']",8-12,tracing_kontak kontak screening_karyawan tambah_total dominasi biro diy_ditya ditya nanaryo_aji nanaryo,6
42,42,"['kota_yogyakarta', 'vaksinasi', 'ppkm_level', 'vaksin', 'merah', 'kota', 'harga', 'pesawat', 'pariwisata', 'laksana']",8-12,kota_yogyakarta vaksinasi ppkm_level vaksin merah kota harga pesawat pariwisata laksana,5
43,43,"['kaki', 'serah_bantu', 'jawa_timur', 'perintah_daerah', 'ukur', 'sembako', 'mobilitas', 'positif_covid', 'bantu', 'konfirmasi_positif']",8-12,kaki serah_bantu jawa_timur perintah_daerah ukur sembako mobilitas positif_covid bantu konfirmasi_positif,6
44,44,"['gelombang', 'pakai_masker', 'air', 'malioboro', 'pantai', 'masker', 'kawasan', 'rusak', 'kota_yogyakarta', 'warung']",8-12,gelombang pakai_masker air malioboro pantai masker kawasan rusak kota_yogyakarta warung,6
45,45,"['tangan_covid', 'media_sosial', 'barang_bukti', 'handphone', 'ajak', 'kartu', 'ajar', 'barang', 'cari', 'tari']",8-26,tangan_covid media_sosial barang_bukti handphone ajak kartu ajar barang cari tari,6
46,46,"['merah_putih', 'menteri_negeri', 'bendera', 'rebut', 'lingkung', 'provinsi', 'putih', 'milisi', 'merah', 'hujan']",8-26,merah_putih menteri_negeri bendera rebut lingkung provinsi putih milisi merah hujan,5
47,47,"['tambah', 'tugas', 'temu', 'positif', 'gugus_tugas', 'positif_covid', 'negara', 'kabag_humas', 'tracing_kontak', 'pasien_covid']",8-26,tambah tugas temu positif gugus_tugas positif_covid negara kabag_humas tracing_kontak pasien_covid,3
48,48,"['amerika_serikat', 'talib', 'afghanistan', 'as', 'kabul', 'militer', 'amerika', 'washington', 'serikat', 'rusia']",8-26,amerika_serikat talib afghanistan as kabul militer amerika washington serikat rusia,6
49,49,"['objek_wisata', 'wisata', 'objek', 'ppkm_level', 'dinas_pariwisata', 'destinasi_wisata', 'ppkm', 'suara', 'tutup', 'wisatawan']",8-26,objek_wisata wisata objek ppkm_level dinas_pariwisata destinasi_wisata ppkm suara tutup wisatawan,5
50,50,"['awan_panas', 'gunung_rapi', 'amplitudo_mm', 'jarak_luncur', 'arah_barat', 'durasi_detik', 'fase', 'barat_daya', 'kali_gempa', 'gugur_lava']",8-26,awan_panas gunung_rapi amplitudo_mm jarak_luncur arah_barat durasi_detik fase barat_daya kali_gempa gugur_lava,1
51,51,"['rumah_sakit', 'bantul', 'diy', 'pandemi_covid', 'kota_yogyakarta', 'lurah', 'tim', 'kabupaten_bantul', 'vaksinasi', 'bantu']",8-26,rumah_sakit bantul diy pandemi_covid kota_yogyakarta lurah tim kabupaten_bantul vaksinasi bantu,2
52,52,"['tipu', 'humas_polres', 'korban', 'kulonprogo_iptu', 'i_nengah', 'kulonprogo', 'jeffry', 'polres', 'i', 'humas_polres_kulonprogo_iptu']",8-26,tipu humas_polres korban kulonprogo_iptu i_nengah kulonprogo jeffry polres i humas_polres_kulonprogo_iptu,6
53,53,"['sepeda_motor', 'makam', 'isoman', 'juli', 'tidur', 'motor', 'pasien', 'bpbd', 'turun', 'polsek']",8-26,sepeda_motor makam isoman juli tidur motor pasien bpbd turun polsek,6
54,54,"['pura', 'solo', 'mobil', 'medan', 'uang', 'tanggal', 'jenazah', 'tanggal_agustus', 'polres', 'reskrim_polres']",8-26,pura solo mobil medan uang tanggal jenazah tanggal_agustus polres reskrim_polres,6
55,55,"['bom_bunuh', 'isis_k', 'talib', 'afghanistan', 'bom', 'as', 'serang', 'bandara', 'kabul', 'bunuh']",9-9,bom_bunuh isis_k talib afghanistan bom as serang bandara kabul bunuh,6
56,56,"['awan_panas', 'jarak_luncur', 'arah_barat', 'gunung_rapi', 'awan', 'amplitudo_mm', 'panas', 'gugur', 'bpptkg', 'luncur']",9-9,awan_panas jarak_luncur arah_barat gunung_rapi awan amplitudo_mm panas gugur bpptkg luncur,1
57,57,"['vaksinasi', 'kota_yogyakarta', 'laksana_vaksinasi', 'sepeda_motor', 'vaksinasi_covid', 'orang_tua', 'korban', 'lokasi_jadi', 'ajar', 'truk']",9-9,vaksinasi kota_yogyakarta laksana_vaksinasi sepeda_motor vaksinasi_covid orang_tua korban lokasi_jadi ajar truk,2
58,58,"['lulus', 'abdi', 'tahu', 'kampus', 'contoh', 'siar', 'mampu', 'ahmad', 'titik', 'global']",9-9,lulus abdi tahu kampus contoh siar mampu ahmad titik global,6
59,59,"['bantul', 'rumah_sakit', 'objek_wisata', 'tinggal_dunia', 'kabupaten_bantul', 'dinas_sehat', 'gunungkidul', 'pasien', 'sabtu', 'serta']",9-9,bantul rumah_sakit objek_wisata tinggal_dunia kabupaten_bantul dinas_sehat gunungkidul pasien sabtu serta,3
60,60,"['kabupaten_sleman', 'pemkab_sleman', 'kepala_dinas', 'air', 'dinas_didik', 'aktif', 'bantu', 'capai_persen', 'listrik', 'irjen_napoleon']",9-23,kabupaten_sleman pemkab_sleman kepala_dinas air dinas_didik aktif bantu capai_persen listrik irjen_napoleon,5
61,61,"['korban', 'saksi', 'kulonprogo', 'muncul', 'rumah', 'sekolah', 'ikan', 'kabupaten_gunungkidul', 'lbh_yogyakarta', 'presiden_joko']",9-23,korban saksi kulonprogo muncul rumah sekolah ikan kabupaten_gunungkidul lbh_yogyakarta presiden_joko,6
62,62,"['sepeda_motor', 'asing', 'khawatir', 'motor', 'sepeda', 'hati_hati', 'hati', 'imbau', 'bulan', 'wenang']",9-23,sepeda_motor asing khawatir motor sepeda hati_hati hati imbau bulan wenang,4
63,63,"['vaksinasi', 'uji_coba', 'raja', 'bantul', 'wisata', 'anak_anak', 'objek_wisata', 'anak', 'cepat_vaksinasi', 'kota_yogyakarta']",9-23,vaksinasi uji_coba raja bantul wisata anak_anak objek_wisata anak cepat_vaksinasi kota_yogyakarta,2
64,64,"['partai_golkar', 'sop', 'dr', 'tular_covid', 'gandung', 'suasana', 'partai', 'golkar', 'aji', 'dpr']",10-7,partai_golkar sop dr tular_covid gandung suasana partai golkar aji dpr,6
65,65,"['obat_keras', 'juta_butir', 'barang_bukti', 'pil', 'butir', 'mesin', 'pil_koplo', 'koplo', 'obat', 'baku']",10-7,obat_keras juta_butir barang_bukti pil butir mesin pil_koplo koplo obat baku,6
66,66,"['labuh', 'inovasi', 'sumatera', 'ikan', 'lolos', 'main', 'simpan', 'asn', 'panen', 'asli']",10-7,labuh inovasi sumatera ikan lolos main simpan asn panen asli,6
67,67,"['libur', 'pantai', 'jasad', 'unjung', 'ayah', 'kartu', 'penjara', 'tega', 'buat', 'aniaya']",10-7,libur pantai jasad unjung ayah kartu penjara tega buat aniaya,6
68,68,"['faktor', 'seni', 'aparat', 'gandung', 'ri', 'isi', 'anggap', 'hapus', 'tunjuk', 'studi']",10-7,faktor seni aparat gandung ri isi anggap hapus tunjuk studi,6
69,69,"['jogja', 'korban', 'rumah_sakit', 'makan', 'keluarga', 'kota', 'kunjung', 'sepeda_motor', 'wisata', 'bangun']",10-7,jogja korban rumah_sakit makan keluarga kota kunjung sepeda_motor wisata bangun,5
70,70,"['anak', 'nama', 'orang_tua', 'laku', 'rabu', 'bantul', 'alir', 'kabupaten_bantul', 'protokol_sehat', 'pandemi_covid']",10-7,anak nama orang_tua laku rabu bantul alir kabupaten_bantul protokol_sehat pandemi_covid,2
71,71,"['sungai', 'kebumen', 'seksual', 'laki_laki', 'kalurahan', 'anak_anak', 'acara', 'laki', 'sosial', 'nekat']",10-7,sungai kebumen seksual laki_laki kalurahan anak_anak acara laki sosial nekat,6
72,72,"['capai_persen', 'vaksinasi', 'produk', 'kota_yogyakarta', 'pemkab_sleman', 'persen', 'olahraga', 'faktor', 'main', 'lintas']",10-7,capai_persen vaksinasi produk kota_yogyakarta pemkab_sleman persen olahraga faktor main lintas,5
73,73,"['api', 'bakar', 'kuliner', 'lari', 'madam', 'teriak', 'hukum', 'coba', 'adil', 'jatuh']",10-7,api bakar kuliner lari madam teriak hukum coba adil jatuh,6
74,74,"['mahasiswa', 'nilai', 'nikah', 'kabupaten_kulonprogo', 'celaka', 'layan', 'didik', 'kulonprogo', 'uny', 'desa']",10-7,mahasiswa nilai nikah kabupaten_kulonprogo celaka layan didik kulonprogo uny desa,6
75,75,"['perindo', 'partai_perindo', 'perindo_diy', 'dagang_pasar', 'bingkis', 'partai', 'yuni', 'baksos', 'dpw', 'bagi']",10-21,perindo partai_perindo perindo_diy dagang_pasar bingkis partai yuni baksos dpw bagi,6
76,76,"['kebumen', 'olah', 'potong', 'bantul', 'kepala', 'kabupaten_bantul', 'kuliner', 'joglo', 'iring', 'luas']",10-21,kebumen olah potong bantul kepala kabupaten_bantul kuliner joglo iring luas,3
77,77,"['gempa', 'kemudi', 'truk', 'sangka', 'bumi', 'lari', 'mobil', 'celaka', 'satlantas', 'tabrak']",10-21,gempa kemudi truk sangka bumi lari mobil celaka satlantas tabrak,6
78,78,"['warung', 'menu', 'kepala', 'olah', 'kuliner', 'kabupaten_bantul', 'joglo', 'potong', 'bantul', 'buka']",10-21,warung menu kepala olah kuliner kabupaten_bantul joglo potong bantul buka,3
79,79,"['pinjol_ilegal', 'polda_diy', 'pinjol', 'depok_sleman', 'polda_jabar', 'polda', 'pinjam_online', 'ilegal', 'jabar', 'kombes_pol']",10-21,pinjol_ilegal polda_diy pinjol depok_sleman polda_jabar polda pinjam_online ilegal jabar kombes_pol,6
80,80,"['kota_yogyakarta', 'wisata', 'gunungkidul', 'uji_coba', 'kulonprogo', 'sepeda_motor', 'pandemi_covid', 'korban', 'temu', 'protokol_sehat']",10-21,kota_yogyakarta wisata gunungkidul uji_coba kulonprogo sepeda_motor pandemi_covid korban temu protokol_sehat,2
81,81,"['hotel', 'papua', 'umum', 'gedung', 'mayat', 'kamar', 'panggil', 'mampu', 'ecek', 'perempuan']",11-18,hotel papua umum gedung mayat kamar panggil mampu ecek perempuan,6
82,82,"['lurah', 'fakultas', 'lantik', 'kopassus', 'bupati_bantul', 'lahan', 'abdul_halim', 'kapten', 'susun', 'halim']",11-18,lurah fakultas lantik kopassus bupati_bantul lahan abdul_halim kapten susun halim,6
83,83,"['rusia', 'kopassus', 'pukul', 'cerita', 'moskow', 'kartu', 'sebar_covid', 'belah', 'pulang', 'gerak']",11-18,rusia kopassus pukul cerita moskow kartu sebar_covid belah pulang gerak,6
84,84,"['mahasiswa', 'kerja', 'isi', 'indonesia', 'akun', 'kali', 'fasilitas', 'bakar', 'proyek', 'negeri']",11-18,mahasiswa kerja isi indonesia akun kali fasilitas bakar proyek negeri,6
85,85,"['protokol_sehat', 'gunungkidul', 'kulonprogo', 'sleman', 'pandemi_covid', 'salah_satu', 'media_sosial', 'anak_anak', 'amerika_serikat', 'rabu']",11-18,protokol_sehat gunungkidul kulonprogo sleman pandemi_covid salah_satu media_sosial anak_anak amerika_serikat rabu,2
86,86,"['kota_yogyakarta', 'objek_wisata', 'jabat', 'persen', 'daerah', 'capai_persen', 'libur_natal', 'laku', 'naik', 'kota']",11-18,kota_yogyakarta objek_wisata jabat persen daerah capai_persen libur_natal laku naik kota,5
87,87,"['cctv', 'kamera', 'kader', 'asosiasi', 'sebar_covid', 'lacak', 'usul', 'naik', 'tetangga', 'video']",11-18,cctv kamera kader asosiasi sebar_covid lacak usul naik tetangga video,6
88,88,"['bantul', 'positif_covid', 'buku', 'ayam', 'pasien', 'korban', 'tinggal', 'virus', 'kabupaten_bantul', 'rumah_sakit']",11-18,bantul positif_covid buku ayam pasien korban tinggal virus kabupaten_bantul rumah_sakit,3
89,89,"['inggris', 'makan', 'bekas', 'sakit', 'prinsip', 'pria', 'pola', 'beda', 'online', 'dokter']",11-18,inggris makan bekas sakit prinsip pria pola beda online dokter,6
90,90,"['ppkm_level', 'muhammadiyah', 'tni', 'angkat_darat', 'dudung', 'presiden', 'level', 'maju', 'ppkm', 'atur']",11-18,ppkm_level muhammadiyah tni angkat_darat dudung presiden level maju ppkm atur,5
91,91,"['densus', 'farid', 'okbah', 'urus', 'ustaz', 'ustaz_farid', 'antiteror', 'densus_antiteror', 'tangkap', 'pantai']",11-18,densus farid okbah urus ustaz ustaz_farid antiteror densus_antiteror tangkap pantai,6
92,92,"['gugus_tugas', 'ptm', 'komputer', 'ajar_tatap', 'university', 'virtual', 'evaluasi', 'siswa', 'gugus', 'aplikasi']",11-18,gugus_tugas ptm komputer ajar_tatap university virtual evaluasi siswa gugus aplikasi,6
93,93,"['korban', 'longsor', 'laku', 'lokasi_jadi', 'jeffry', 'curi', 'polsek', 'aniaya', 'polisi', 'lapor_polisi']",11-18,korban longsor laku lokasi_jadi jeffry curi polsek aniaya polisi lapor_polisi,6
94,94,"['sepeda_motor', 'motor', 'sleman', 'sepeda', 'tangkap', 'korban', 'polisi', 'aksi', 'bakar', 'lokasi']",12-2,sepeda_motor motor sleman sepeda tangkap korban polisi aksi bakar lokasi,4
95,95,"['bantul', 'bantul_abdul', 'halim', 'umkm', 'kabupaten_bantul', 'tani', 'produk', 'abdul', 'turun', 'halim_muslih']",12-2,bantul bantul_abdul halim umkm kabupaten_bantul tani produk abdul turun halim_muslih,6
96,96,"['libur_natal', 'libur', 'natal', 'kerumun', 'instruksi', 'nataru', 'kelola', 'ppkm_level', 'raya', 'timbul']",12-2,libur_natal libur natal kerumun instruksi nataru kelola ppkm_level raya timbul,6
97,97,"['kota_yogyakarta', 'tanah_longsor', 'bencana', 'musim_hujan', 'longsor', 'wali_kota', 'heroe_poerwadi', 'kota', 'heroe', 'hujan']",12-2,kota_yogyakarta tanah_longsor bencana musim_hujan longsor wali_kota heroe_poerwadi kota heroe hujan,5
98,98,"['konfirmasi_covid', 'varian_omicron', 'varian', 'protokol_sehat', 'ajar_tatap', 'omicron', 'sekolah', 'positif_covid', 'ptm', 'kepala_dinas']",12-2,konfirmasi_covid varian_omicron varian protokol_sehat ajar_tatap omicron sekolah positif_covid ptm kepala_dinas,6
99,99,"['wisata', 'objek_wisata', 'pandemi_covid', 'partai', 'pandemi', 'pariwisata', 'dinas_pariwisata', 'bantu', 'rapat', 'kerja']",12-2,wisata objek_wisata pandemi_covid partai pandemi pariwisata dinas_pariwisata bantu rapat kerja,5
100,100,"['media_sosial', 'sosial', 'media', 'rekam', 'sd', 'luka', 'terima', 'sengaja', 'rokok', 'henti']",12-2,media_sosial sosial media rekam sd luka terima sengaja rokok henti,6
101,101,"['kota_yogyakarta', 'nikah', 'mukim', 'yogya', 'obat', 'baik', 'bangun', 'sumber', 'kota', 'mineral']",12-2,kota_yogyakarta nikah mukim yogya obat baik bangun sumber kota mineral,5
102,102,"['sleman', 'bupati_sleman', 'kabupaten_sleman', 'umk', 'kabupaten_bantul', 'naik', 'minyak', 'harga', 'goreng', 'kustini']",12-2,sleman bupati_sleman kabupaten_sleman umk kabupaten_bantul naik minyak harga goreng kustini,5
103,103,"['desa', 'negara', 'indonesia', 'tangan_covid', 'gunungkidul', 'tni', 'jakarta', 'tni_polri', 'masuk', 'atur']",12-2,desa negara indonesia tangan_covid gunungkidul tni jakarta tni_polri masuk atur,6
104,104,"['keras', 'aksi', 'kapasitas', 'model', 'ringan', 'guru', 'persen', 'imbau', 'menang', 'kelas']",12-2,keras aksi kapasitas model ringan guru persen imbau menang kelas,6
105,105,"['polres_kulonprogo', 'video', 'perempuan', 'kasi_humas', 'iptu_i', 'polres', 'cari', 'rumah', 'jeffry', 'payudara']",12-2,polres_kulonprogo video perempuan kasi_humas iptu_i polres cari rumah jeffry payudara,6
106,106,"['korban', 'klaten', 'rumah_sakit', 'ekonomi', 'luka', 'pandemi_covid', 'tumbuh', 'jiwa', 'ulang', 'bunuh']",12-2,korban klaten rumah_sakit ekonomi luka pandemi_covid tumbuh jiwa ulang bunuh,6
107,107,"['vaksinasi', 'upah_minimum', 'capai_persen', 'upah', 'gubernur_diy', 'persen', 'tembak', 'kabupaten_kulonprogo', 'vaksin', 'kkb']",12-2,vaksinasi upah_minimum capai_persen upah gubernur_diy persen tembak kabupaten_kulonprogo vaksin kkb,5
108,108,"['gunung_rapi', 'arah_barat', 'rapi', 'gunung', 'kategori', 'gugur', 'detik', 'gempa', 'warung', 'ugm']",12-2,gunung_rapi arah_barat rapi gunung kategori gugur detik gempa warung ugm,1
109,109,"['rokok', 'kandung', 'perempuan', 'oktober', 'keras', 'konsumsi', 'pandemi_covid', 'korupsi', 'sang', 'nama']",12-2,rokok kandung perempuan oktober keras konsumsi pandemi_covid korupsi sang nama,6
110,110,"['malioboro', 'berat', 'dinas_pariwisata', 'bekas', 'dinkes', 'lokasi', 'hari', 'dagang', 'kopassus', 'lewat']",12-2,malioboro berat dinas_pariwisata bekas dinkes lokasi hari dagang kopassus lewat,6
111,111,"['umrah', 'saudi', 'arab', 'vaksin', 'berangkat', 'terbang', 'varian', 'vaksin_covid', 'syarat', 'negatif']",12-2,umrah saudi arab vaksin berangkat terbang varian vaksin_covid syarat negatif,6
112,112,"['orang_tua', 'anak_anak', 'anak', 'borobudur', 'tua', 'raja', 'kendara', 'hati', 'rakyat', 'bangsa']",12-2,orang_tua anak_anak anak borobudur tua raja kendara hati rakyat bangsa,2
113,113,"['nilai', 'tempur', 'tim', 'pesawat', 'terbit', 'undang', 'bukti', 'gugur', 'jenderal', 'luka']",12-2,nilai tempur tim pesawat terbit undang bukti gugur jenderal luka,6
114,114,"['pasang', 'salah_satu', 'hotel', 'celaka', 'laku_usaha', 'persen', 'proses', 'meni', 'cinta', 'hormat']",12-2,pasang salah_satu hotel celaka laku_usaha persen proses meni cinta hormat,6
115,115,"['lomba', 'jalur', 'biaya', 'lingkung', 'cantik', 'lokal', 'area', 'suasana', 'api', 'struktur']",12-2,lomba jalur biaya lingkung cantik lokal area suasana api struktur,6
116,116,"['juru_bicara', 'kalibawang', 'botol', 'normal', 'tampil', 'akibat', 'situasi', 'rusak', 'nyaman', 'material']",12-2,juru_bicara kalibawang botol normal tampil akibat situasi rusak nyaman material,6
117,117,"['positif_covid', 'jawa', 'positif', 'barat', 'provinsi', 'menang', 'parkir', 'tambah', 'jawa_barat', 'kalimantan']",12-2,positif_covid jawa positif barat provinsi menang parkir tambah jawa_barat kalimantan,3
118,118,"['kopassus', 'personel', 'damai', 'papua', 'operasi', 'satgas', 'pamer', 'rokok', 'dokter', 'islam']",12-2,kopassus personel damai papua operasi satgas pamer rokok dokter islam,6
119,119,"['guru', 'universitas', 'bangsa', 'presiden', 'jenderal', 'pecah', 'ugm', 'suasana', 'luka', 'lurah']",12-2,guru universitas bangsa presiden jenderal pecah ugm suasana luka lurah,6
120,120,"['selesai', 'layan', 'terap_protokol', 'dprd', 'obat', 'operasi', 'anggar', 'capai_persen', 'lonjak', 'kabupaten_bantul']",12-2,selesai layan terap_protokol dprd obat operasi anggar capai_persen lonjak kabupaten_bantul,6
121,121,"['korban', 'gor_cangkring', 'sangka', 'kabupaten_kulonprogo', 'curi', 'adil', 'korupsi', 'jaksa', 'tim', 'tetap']",12-2,korban gor_cangkring sangka kabupaten_kulonprogo curi adil korupsi jaksa tim tetap,6
122,122,"['rsud', 'wates', 'korban', 'kandung', 'obat', 'bunuh', 'celaka', 'lokasi_jadi', 'mahasiswa', 'arah_barat']",12-2,rsud wates korban kandung obat bunuh celaka lokasi_jadi mahasiswa arah_barat,6
123,123,"['anggar', 'dapat', 'miliar', 'rudal', 'seni', 'dprd', 'pakat', 'daerah', 'belanja', 'pad']",12-2,anggar dapat miliar rudal seni dprd pakat daerah belanja pad,6
124,124,"['bantul', 'jalan_isolasi', 'rumah_sakit', 'total', 'pasien', 'sembuh', 'tambah', 'isolasi', 'positif_covid', 'camat']",12-2,bantul jalan_isolasi rumah_sakit total pasien sembuh tambah isolasi positif_covid camat,3
125,125,"['ppkm_level', 'level', 'pohon', 'protokol_sehat', 'ppkm', 'desember', 'tanam', 'muhammadiyah', 'rumah_sakit', 'buka']",12-2,ppkm_level level pohon protokol_sehat ppkm desember tanam muhammadiyah rumah_sakit buka,5
126,126,"['barang_bukti', 'kombes_pol', 'kabid_humas', 'artis', 'kombes', 'tangkap', 'narkotika', 'polda', 'narkoba', 'pol']",12-16,barang_bukti kombes_pol kabid_humas artis kombes tangkap narkotika polda narkoba pol,6
127,127,"['umy', 'afrika_selatan', 'prestasi', 'bangsa', 'asn_polri', 'pt_angkasa', 'korupsi', 'kpk', 'afrika', 'angkasa']",12-16,umy afrika_selatan prestasi bangsa asn_polri pt_angkasa korupsi kpk afrika angkasa,6
128,128,"['kain', 'batik', 'alun_alun', 'alun', 'minum', 'toko', 'lahan', 'api', 'hektare', 'sita']",12-16,kain batik alun_alun alun minum toko lahan api hektare sita,5
129,129,"['kabupaten_sleman', 'prajurit', 'agama', 'pasu_khusus', 'polda_diy', 'kopassus', 'izin', 'operasi', 'al', 'kota_bandung']",12-16,kabupaten_sleman prajurit agama pasu_khusus polda_diy kopassus izin operasi al kota_bandung,6
130,130,"['anak', 'bantul', 'gunungkidul', 'sleman', 'anak_anak', 'rumah', 'sepeda_motor', 'temu', 'orang_tua', 'diy']",12-16,anak bantul gunungkidul sleman anak_anak rumah sepeda_motor temu orang_tua diy,2
131,131,"['budaya', 'seni_budaya', 'seni', 'angkat_udara', 'tni_au', 'karyawan', 'pesawat', 'angkat', 'lestari', 'condongcatur']",12-16,budaya seni_budaya seni angkat_udara tni_au karyawan pesawat angkat lestari condongcatur,6
132,132,"['awan_panas', 'gunung_rapi', 'amplitudo_mm', 'jarak_luncur', 'banjir_lahar', 'arah_barat', 'rapi', 'gugur', 'panas', 'awan']",12-16,awan_panas gunung_rapi amplitudo_mm jarak_luncur banjir_lahar arah_barat rapi gugur panas awan,1
133,133,"['vaksinasi', 'laksana_vaksinasi', 'vaksinasi_anak', 'tular_covid', 'kota_yogyakarta', 'vaksinasi_covid', 'protokol_sehat', 'tangan_covid', 'vaksin', 'kick_off']",12-16,vaksinasi laksana_vaksinasi vaksinasi_anak tular_covid kota_yogyakarta vaksinasi_covid protokol_sehat tangan_covid vaksin kick_off,2
134,134,"['sleman', 'dosen', 'kabupaten_sleman', 'pandemi_covid', 'remaja', 'program', 'tri', 'miskin', 'daya', 'bantu']",12-30,sleman dosen kabupaten_sleman pandemi_covid remaja program tri miskin daya bantu,5
135,135,"['hotel', 'jawa_barat', 'sangka', 'enam', 'minyak_goreng', 'dapat', 'jabar', 'kilogram', 'harga', 'telur_ayam']",12-30,hotel jawa_barat sangka enam minyak_goreng dapat jabar kilogram harga telur_ayam,6
136,136,"['laksana_vaksinasi', 'gara', 'vaksinasi', 'vaksin', 'anak', 'ajar', 'panggil', 'gara_gara', 'anak_usia', 'vaksinasi_covid']",12-30,laksana_vaksinasi gara vaksinasi vaksin anak ajar panggil gara_gara anak_usia vaksinasi_covid,2
137,137,"['rumah_sakit', 'sumber', 'cctv', 'keri', 'identifikasi', 'antar', 'sakit', 'rekam', 'pasar', 'olah']",12-30,rumah_sakit sumber cctv keri identifikasi antar sakit rekam pasar olah,6
138,138,"['dpd', 'partai', 'polres_kulonprogo', 'kader', 'urus', 'milu', 'tolak', 'purworejo', 'polsek', 'alas']",12-30,dpd partai polres_kulonprogo kader urus milu tolak purworejo polsek alas,6
139,139,"['diy', 'kota_yogyakarta', 'alun', 'alun_alun', 'kota', 'cegah', 'wanita', 'saudi', 'kawasan', 'komunikasi']",12-30,diy kota_yogyakarta alun alun_alun kota cegah wanita saudi kawasan komunikasi,5
140,140,"['sar', 'desa', 'kopda_da', 'militer', 'arah_barat', 'udara', 'jenderal_tni', 'as', 'luncur', 'da']",12-30,sar desa kopda_da militer arah_barat udara jenderal_tni as luncur da,6
141,141,"['wali', 'siswa', 'ramai', 'pemkot', 'izin', 'instruksi', 'lapor_polisi', 'kota_pemkot', 'hadiah', 'pamong_praja']",12-30,wali siswa ramai pemkot izin instruksi lapor_polisi kota_pemkot hadiah pamong_praja,6
142,142,"['mantan', 'tular_covid', 'tumbuh', 'wajar', 'malaysia', 'sidang', 'pemkab_kulonprogo', 'jaksa', 'landa', 'rapi']",12-30,mantan tular_covid tumbuh wajar malaysia sidang pemkab_kulonprogo jaksa landa rapi,6
143,143,"['terap_protokol', 'latih', 'salur', 'juang', 'wakil_ketua', 'tegak', 'angka_miskin', 'kh', 'pimpin', 'oknum']",12-30,terap_protokol latih salur juang wakil_ketua tegak angka_miskin kh pimpin oknum,6
144,144,"['bantul', 'jahat_jalan', 'klitih', 'lapor', 'latih', 'kombes_pol', 'kapolres', 'empat', 'jahat', 'akbp']",12-30,bantul jahat_jalan klitih lapor latih kombes_pol kapolres empat jahat akbp,6
145,145,"['kereta_api', 'kereta', 'tumpang', 'uji', 'sim', 'indah', 'polresta', 'psikologi', 'kai', 'daop']",12-30,kereta_api kereta tumpang uji sim indah polresta psikologi kai daop,6
146,146,"['omicron', 'positif_covid', 'vaksinasi_covid', 'laku_jalan', 'resmi', 'indonesia', 'wisma_atlet', 'wni', 'juru', 'juru_bicara']",12-30,omicron positif_covid vaksinasi_covid laku_jalan resmi indonesia wisma_atlet wni juru juru_bicara,6
147,147,"['infeksi', 'satgas', 'pasien_sembuh', 'banguntapan', 'kabar', 'tanggulang', 'hari', 'total', 'enam', 'corona']",12-30,infeksi satgas pasien_sembuh banguntapan kabar tanggulang hari total enam corona,6
148,148,"['tni_ad', 'tahan', 'instalasi', 'tni', 'andika', 'paket', 'dana', 'smart', 'kolonel', 'kolonel_inf']",12-30,tni_ad tahan instalasi tni andika paket dana smart kolonel kolonel_inf,6
149,149,"['barat_daya', 'lava', 'gunung_rapi', 'bpptkg', 'meter_arah', 'amat', 'geologi', 'meter', 'hanik', 'gugur']",12-30,barat_daya lava gunung_rapi bpptkg meter_arah amat geologi meter hanik gugur,1
150,150,"['istri', 'video', 'pria', 'dakwa', 'buat', 'bencana', 'rekam', 'anak_usia', 'kena', 'anak']",12-30,istri video pria dakwa buat bencana rekam anak_usia kena anak,6
151,151,"['tutup', 'cari', 'satpol_pp', 'anggota', 'malam', 'lintas', 'kendara', 'gunungkidul', 'varian_omicron', 'batas']",12-30,tutup cari satpol_pp anggota malam lintas kendara gunungkidul varian_omicron batas,6
152,152,"['air', 'korban', 'kulonprogo', 'jadi', 'luka', 'curi', 'juta', 'hujan', 'tidur', 'objek_wisata']",12-30,air korban kulonprogo jadi luka curi juta hujan tidur objek_wisata,6
153,153,"['lokal', 'sumber_daya', 'tangkap', 'tindak_pidana', 'identitas', 'daftar', 'sidang', 'ratus', 'dokumen', 'langgar']",12-30,lokal sumber_daya tangkap tindak_pidana identitas daftar sidang ratus dokumen langgar,6
154,154,"['tanam', 'pandemi_covid', 'serta', 'ugm', 'online', 'buah', 'motivasi', 'studi', 'sosok', 'kalang']",12-30,tanam pandemi_covid serta ugm online buah motivasi studi sosok kalang,6
155,155,"['pasang', 'muda', 'tiga', 'usia', 'sadis', 'janji', 'hukum', 'penjara', 'iii', 'sungguh']",12-30,pasang muda tiga usia sadis janji hukum penjara iii sungguh,6
156,156,"['umat', 'pesantren', 'sembilan', 'periksa_saksi', 'tunjang', 'selidik', 'nanggulan', 'nu', 'gantung', 'maju']",12-30,umat pesantren sembilan periksa_saksi tunjang selidik nanggulan nu gantung maju,6
